id,sales
3015144,150.58519815554263
3015145,114.3350875431111
3015146,118.4133017249043
3015147,3304.5297028444934
3015148,185.07753862830347
3015149,366.75873348138293
3015150,191.92405614253533
3015151,796.2044776788129
3015152,741.7647169745863
3015153,358.1301448389932
3015154,274.44739543460787
3015155,285.696075092949
3015156,3767.791239865558
3015157,207.46490633522328
3015158,100.09679974266602
3015159,199.10942184477767
3015160,207.800361237743
3015161,150.67245225104583
3015162,285.5469601566601
3015163,128.61021106794183
3015164,189.35851641698898
3015165,151.52439515331858
3015166,256.7687230319767
3015167,105.08941912634853
3015168,336.8700457005857
3015169,295.5491371353156
3015170,146.49438549332427
3015171,167.91883212090556
3015172,374.2576739785264
3015173,235.77190144041285
3015174,1866.3320653735643
3015175,133.913910607657
3015176,194.14669188948275
3015177,114.10395536409573
3015178,77.04175492619913
3015179,87.26864329080964
3015180,1504.6059638579181
3015181,124.99234673386646
3015182,231.61178965701416
3015183,127.40243810875734
3015184,695.5981853409622
3015185,371.65681558507686
3015186,263.92254716533574
3015187,202.65804461631734
3015188,199.0834655223894
3015189,3110.610298658461
3015190,128.39399790030532
3015191,66.33093195512069
3015192,121.75560538572766
3015193,124.58122321839099
3015194,89.95743905308713
3015195,221.25008067145478
3015196,71.85001181300517
3015197,138.28580769777204
3015198,114.03779322977245
3015199,173.9592041058679
3015200,77.5681949711706
3015201,304.38594724233417
3015202,253.65914915195847
3015203,98.0982910117838
3015204,127.91722640291235
3015205,220.2103326785353
3015206,161.1201245876873
3015207,578.2831508811682
3015208,83.37683865089022
3015209,136.37220120315715
3015210,130.91752632408955
3015211,115.00023295490134
3015212,98.51181769104022
3015213,3226.3519717098334
3015214,145.7096600400627
3015215,321.1163179056614
3015216,144.86719170716367
3015217,1345.9609685237347
3015218,487.0378701399116
3015219,319.19848842032474
3015220,233.88042511391527
3015221,229.03827240207087
3015222,5272.2439313637915
3015223,167.2980356621637
3015224,81.94915352474396
3015225,174.38700232086637
3015226,170.26353509193126
3015227,116.35091818609695
3015228,270.03088204353173
3015229,90.99309639607301
3015230,141.91740612643417
3015231,118.13530777124659
3015232,195.37214803706775
3015233,92.35788305490787
3015234,367.0580836144886
3015235,298.8482676297617
3015236,112.4925110246905
3015237,155.63991065097997
3015238,269.8102908629034
3015239,181.11767551193068
3015240,800.2521470652592
3015241,122.82199419128419
3015242,137.6522628849434
3015243,80.9302415123478
3015244,59.52067404675822
3015245,44.34392617645836
3015246,1399.9210088700293
3015247,71.15040805832682
3015248,167.523614094679
3015249,84.20035416967738
3015250,656.9315479548819
3015251,245.9542467694775
3015252,177.87108370720605
3015253,138.28400899182208
3015254,134.17873327725792
3015255,2230.0654571648256
3015256,88.96573561582434
3015257,54.42203825040583
3015258,97.37083921369694
3015259,98.29841380960765
3015260,63.141919955442916
3015261,160.83561283666194
3015262,69.8881019171364
3015263,67.21847723517348
3015264,88.54254658240163
3015265,118.86286998717412
3015266,72.91928719287792
3015267,220.1447345818919
3015268,184.73295629398547
3015269,65.91877826407632
3015270,85.84718592327143
3015271,144.05496677283276
3015272,95.5402521306288
3015273,304.1917000522312
3015274,49.294952867463046
3015275,80.80288685005839
3015276,80.9702415123478
3015277,59.490674046758215
3015278,44.35209717212936
3015279,1339.5913660128865
3015280,71.15040805832682
3015281,166.173614094679
3015282,84.33035416967738
3015283,643.7129629145376
3015284,244.74213343338252
3015285,177.87108370720605
3015286,138.28400899182208
3015287,134.06873327725793
3015288,2190.1002313502254
3015289,88.90573561582434
3015290,54.40044229080987
3015291,97.37083921369694
3015292,98.29841380960765
3015293,63.12191995544292
3015294,160.83561283666194
3015295,69.8513168660002
3015296,67.21847723517348
3015297,81.36937876364192
3015298,113.72475191284101
3015299,72.90928719287791
3015300,217.24913744754178
3015301,179.60816415556482
3015302,65.90377826407632
3015303,85.80218592327142
3015304,142.46366035307082
3015305,94.9002521306288
3015306,301.3040567786851
3015307,51.29473683782402
3015308,80.82288685005838
3015309,85.70209917890952
3015310,59.81060302520611
3015311,51.45587099403845
3015312,1209.3515200243373
3015313,75.99836650780263
3015314,183.20339329699564
3015315,86.30172262035086
3015316,774.2562875696226
3015317,247.10339730622127
3015318,180.77552304488876
3015319,145.30191484751728
3015320,131.5109361338832
3015321,2176.119133007756
3015322,93.52065429135338
3015323,58.47327958444528
3015324,99.29188740539058
3015325,101.45506774431183
3015326,69.10509676872212
3015327,171.1824544625259
3015328,70.78829932757583
3015329,72.24825622671263
3015330,77.07835972081178
3015331,122.75285479795392
3015332,75.66931317484645
3015333,200.52574592710843
3015334,190.75018117157964
3015335,64.34629070312585
3015336,90.65735038854365
3015337,142.23764817593943
3015338,103.39414624189666
3015339,378.6191983465279
3015340,43.153365767156714
3015341,87.66085171725614
3015342,86.81008028984667
3015343,64.15882508042107
3015344,47.56975529715173
3015345,1388.5182754113505
3015346,75.88592380537204
3015347,178.62731403705763
3015348,91.36395447703562
3015349,661.1862526018484
3015350,251.68531455313627
3015351,185.89666192178314
3015352,147.0334760597502
3015353,132.22645863504025
3015354,2212.2753997583877
3015355,94.01897509840593
3015356,52.63584820015897
3015357,98.04571594847181
3015358,106.92616562123983
3015359,72.29890920782441
3015360,174.38191227372016
3015361,71.38578338015162
3015362,73.51149484873964
3015363,81.34657852310717
3015364,126.94354129541712
3015365,76.94430826796369
3015366,202.2301052583329
3015367,189.5715879813578
3015368,66.84508696114642
3015369,95.75102965887922
3015370,146.3655375017402
3015371,104.80797638071516
3015372,469.8659519608154
3015373,43.09492522019991
3015374,83.48003969319359
3015375,80.79372177791056
3015376,61.87505823919537
3015377,45.381046199503544
3015378,1286.1983277908992
3015379,72.86649645355934
3015380,181.78728582344488
3015381,86.39472110297356
3015382,654.0084523431293
3015383,226.60507765748585
3015384,176.57535645758355
3015385,144.42067535698874
3015386,129.68642382516043
3015387,2101.1967693620736
3015388,87.80575510258618
3015389,55.98507366589798
3015390,99.59859270220718
3015391,93.20066491434116
3015392,74.34696887678719
3015393,162.26569055679087
3015394,63.49567855440035
3015395,74.75868596792652
3015396,79.42400749034427
3015397,127.99935539640398
3015398,75.65707917798991
3015399,196.56845702406827
3015400,188.70428215206587
3015401,66.78257241579145
3015402,85.49718060080427
3015403,141.74797924354064
3015404,103.52235175944534
3015405,467.7672590940155
3015406,43.70439105943962
3015407,84.53820260360318
3015408,128.56860300826804
3015409,84.5621059853566
3015410,102.49190959952004
3015411,2064.070460633373
3015412,139.32784962345193
3015413,250.256141739378
3015414,140.01131056790368
3015415,738.5068462833218
3015416,424.1205200050752
3015417,317.9111772880968
3015418,220.8870256762176
3015419,222.0330518953229
3015420,3250.4290186017297
3015421,145.93835025966905
3015422,74.43269246039112
3015423,131.14514888180645
3015424,140.7193660072413
3015425,101.4368044053129
3015426,255.90205918616869
3015427,78.04046194457868
3015428,145.2753573148449
3015429,132.77683861969717
3015430,190.32308053553635
3015431,92.9685563026106
3015432,327.28366844898125
3015433,281.9126458627616
3015434,108.90406356912995
3015435,141.495352749976
3015436,246.0708834755568
3015437,173.91845918850643
3015438,771.8157015205126
3015439,111.66209121535894
3015440,150.27903084578364
3015441,107.92157314915605
3015442,92.24868223987373
3015443,95.51848175638708
3015444,2004.4888707857508
3015445,137.0003649824262
3015446,310.52722210577923
3015447,145.49323456317
3015448,848.7602445894637
3015449,556.6765614809161
3015450,352.32140815629486
3015451,210.44550381455102
3015452,203.41725464884956
3015453,3252.019439886125
3015454,144.91679837671657
3015455,92.73100855989347
3015456,149.24952657176232
3015457,156.32785580360496
3015458,104.8907070250838
3015459,318.430436951423
3015460,83.44919356538497
3015461,144.3159562058098
3015462,118.46830767533714
3015463,193.9817447535218
3015464,83.96272545244847
3015465,365.9832321323684
3015466,326.33555956130755
3015467,91.41153630429284
3015468,129.17199510197761
3015469,240.40433373403513
3015470,172.9364455522673
3015471,964.0380420061488
3015472,118.63258707249895
3015473,144.68332065742314
3015474,90.31374793573568
3015475,66.24134272784946
3015476,52.68641135342429
3015477,1578.014009635755
3015478,88.74055814511645
3015479,181.86032339094112
3015480,90.67330796952533
3015481,669.9701883729471
3015482,244.5836457960612
3015483,194.902935599303
3015484,154.40821548196988
3015485,139.12613757488668
3015486,2285.376296354979
3015487,103.25410234079443
3015488,61.53585208057836
3015489,108.13524578468152
3015490,105.54996738579344
3015491,76.78083825635966
3015492,165.26146464050035
3015493,78.13207395593437
3015494,76.30957505652638
3015495,82.94273574762742
3015496,126.59578799211278
3015497,80.62319145779794
3015498,216.11396810706447
3015499,194.48953460202824
3015500,68.32437269904395
3015501,95.50261575271453
3015502,152.2994931753243
3015503,111.22832193968843
3015504,401.02348582224164
3015505,44.33846984600378
3015506,92.07760316659007
3015507,158.50673278903017
3015508,113.75441642318779
3015509,126.35299020454566
3015510,3426.8589747926135
3015511,192.0205951461491
3015512,440.11774946733766
3015513,197.8483633595025
3015514,814.0618404513355
3015515,749.4530972846223
3015516,363.0753191784138
3015517,280.37170265157505
3015518,293.61760972643646
3015519,3885.983480880839
3015520,217.2678687981682
3015521,107.3856411412234
3015522,205.03372906174485
3015523,213.72466845471018
3015524,156.80637256785977
3015525,293.4684947901476
3015526,129.58934394548848
3015527,196.67611408794772
3015528,159.88870696306125
3015529,261.6274440265508
3015530,106.7515931757969
3015531,346.6234203140732
3015532,342.59113652071056
3015533,154.89999484391055
3015534,175.84036675439307
3015535,381.2000757344672
3015536,238.3616186453289
3015537,1897.663283974712
3015538,138.86083494707754
3015539,203.3224378741675
3015540,123.8785581100513
3015541,107.30191069774202
3015542,109.13981711661931
3015543,2248.92359037157
3015544,155.22420867428207
3015545,308.2147726533439
3015546,160.5930488527418
3015547,884.2140388207039
3015548,571.3906778564129
3015549,381.254689454544
3015550,232.91759842483577
3015551,230.05814083248708
3015552,3822.841308456553
3015553,164.76548258929532
3015554,104.11488524432818
3015555,180.04153779720144
3015556,164.77901021877634
3015557,120.57657746999415
3015558,261.7516335295438
3015559,103.07618101681678
3015560,152.42989371150134
3015561,136.9030005072775
3015562,205.7423152314098
3015563,90.6748211724908
3015564,670.6185323950449
3015565,357.8482023987342
3015566,112.1376418583874
3015567,144.27883480237287
3015568,265.7216909453775
3015569,197.4477393760948
3015570,936.1389009800837
3015571,129.18005006878437
3015572,154.41615409231406
3015573,107.9344495430073
3015574,102.59237886153306
3015575,76.9559042578392
3015576,1773.7131464261593
3015577,102.87549143403785
3015578,265.85325909854436
3015579,120.87461788135528
3015580,700.6534789366876
3015581,333.46254910258614
3015582,218.74111500889774
3015583,183.954301940956
3015584,173.17240945206322
3015585,2399.8618316821276
3015586,120.25707620885579
3015587,73.63402269254686
3015588,124.5907230544986
3015589,142.64615449304392
3015590,104.61253650050699
3015591,216.6752684834699
3015592,73.44797880054182
3015593,110.75164926185354
3015594,91.10201240435048
3015595,152.95362664950923
3015596,87.27447995420384
3015597,269.7962563175626
3015598,218.36700886383642
3015599,91.87706608638626
3015600,124.96758245425865
3015601,194.62956996765223
3015602,140.40024522040565
3015603,820.1525157208155
3015604,63.726579346607885
3015605,108.19025595291437
3015606,65.31370338825742
3015607,52.08443951361258
3015608,36.77565793036032
3015609,1022.5802231695342
3015610,63.39641111382352
3015611,132.87664602490725
3015612,76.04717444540924
3015613,408.62851565581286
3015614,199.0658068479953
3015615,152.63741188529636
3015616,114.05342779283527
3015617,103.72108991426627
3015618,1898.426240130926
3015619,70.32792032166437
3015620,49.4449120591226
3015621,76.87925515325861
3015622,83.04437125658549
3015623,59.619714127289114
3015624,148.50738380640894
3015625,60.62743962529108
3015626,65.95464038969517
3015627,69.57063847813487
3015628,99.76502567321597
3015629,59.22539896405461
3015630,155.6617663636533
3015631,147.0002347644306
3015632,50.000148607445865
3015633,73.46673158555079
3015634,115.40911847172609
3015635,83.92828638534328
3015636,332.57587658750833
3015637,41.999422023002495
3015638,74.05629338016034
3015639,105.88796916162957
3015640,104.3023304993375
3015641,74.20963347944453
3015642,1726.4215227220814
3015643,108.08456196946071
3015644,266.1230098880378
3015645,118.51680025228804
3015646,549.5235870272412
3015647,422.52909372303145
3015648,208.91723554793828
3015649,186.5027623558262
3015650,184.28482081619845
3015651,2070.5459606635977
3015652,137.21742455639816
3015653,74.8486706068091
3015654,130.19338374381925
3015655,146.75946191326872
3015656,96.74267379913557
3015657,186.21796210525434
3015658,89.17712442767393
3015659,100.61126246971537
3015660,105.91800045954653
3015661,159.4543986792918
3015662,95.60418295379738
3015663,246.79630416789507
3015664,213.9209418268171
3015665,89.01549197424185
3015666,124.393612375229
3015667,223.21387255791186
3015668,146.95533621235765
3015669,1087.0332951090854
3015670,69.42979670788787
3015671,109.62419474229883
3015672,107.06634270223186
3015673,105.07062878951679
3015674,80.89457555764224
3015675,2166.450266640151
3015676,121.72787473659432
3015677,326.7132157713645
3015678,119.4754036849233
3015679,595.8200443086132
3015680,509.52564340489096
3015681,231.6332464076191
3015682,196.23264622353886
3015683,195.23935848430963
3015684,2414.357144822413
3015685,138.6762992092278
3015686,71.31090976554574
3015687,129.96032380665557
3015688,159.5559907947495
3015689,105.73554981694114
3015690,203.27094853153886
3015691,101.6578872298548
3015692,99.24484987033492
3015693,107.30473127763716
3015694,169.40073556403055
3015695,100.47039767473066
3015696,218.11727025285074
3015697,221.81379467857158
3015698,105.18371292970109
3015699,130.35028361243002
3015700,226.94542003558396
3015701,159.0980251345394
3015702,1401.4303341062366
3015703,65.88447247440816
3015704,109.4258798329792
3015705,107.34672552959402
3015706,101.57931074469562
3015707,78.08110589429269
3015708,1720.3810427208905
3015709,115.09971353507378
3015710,299.9423967649312
3015711,117.38470706020476
3015712,484.73301704921136
3015713,386.5533257837505
3015714,226.24413385267474
3015715,192.89373176830625
3015716,188.64649177420426
3015717,2051.7190481540547
3015718,132.76938537249833
3015719,76.11927187050598
3015720,131.70850038910373
3015721,153.84420135202834
3015722,103.1542121958596
3015723,189.03110474549695
3015724,91.77522385757923
3015725,110.15444848057794
3015726,99.64306816634655
3015727,187.06716005481292
3015728,91.69275516963744
3015729,212.82018712219212
3015730,206.13395052866895
3015731,97.4251603352381
3015732,125.97356668537739
3015733,208.08471827730756
3015734,147.85154510850077
3015735,1356.5231180846604
3015736,68.85504065662795
3015737,108.73378760413199
3015738,99.63523274535899
3015739,104.94563295387076
3015740,78.08167134256348
3015741,1726.6311728476458
3015742,114.14826005890932
3015743,268.9597029337156
3015744,114.78805627696312
3015745,539.1077423093964
3015746,387.14479566771945
3015747,199.48514559659364
3015748,190.2185588242199
3015749,189.681714034757
3015750,2151.600466337191
3015751,132.75929764914503
3015752,69.4220450676757
3015753,122.70642269184884
3015754,141.4089977876196
3015755,102.21045929301948
3015756,192.6996103624651
3015757,93.74203726143513
3015758,96.49228045886575
3015759,103.70741770120152
3015760,164.97074942303615
3015761,101.40528942557998
3015762,212.46654049586505
3015763,209.51953257763896
3015764,95.43821169468666
3015765,124.58293598935705
3015766,216.55654724774652
3015767,147.8127706675187
3015768,1016.4500795892313
3015769,64.65203054903081
3015770,105.13103456561527
3015771,115.86704483088923
3015772,121.0692621842058
3015773,92.60901651296416
3015774,2346.2494437931314
3015775,132.06579512683774
3015776,329.7315971226076
3015777,125.46643398031242
3015778,597.5413150366625
3015779,487.14979677288744
3015780,238.51108164032087
3015781,210.66342053900655
3015782,208.63078788119634
3015783,2384.8241675554896
3015784,136.57436816373882
3015785,79.80563090981103
3015786,144.49780018887677
3015787,170.4014565148287
3015788,116.14818956935089
3015789,214.39257088419424
3015790,97.23939848189328
3015791,115.51021762121418
3015792,100.89579528262699
3015793,188.4982829047144
3015794,110.10273966480419
3015795,228.98730408440863
3015796,226.5682709655705
3015797,103.44761470222151
3015798,142.67931213130257
3015799,233.58241661735053
3015800,171.64033331689524
3015801,1403.495892355501
3015802,69.67153649950716
3015803,118.74223286395501
3015804,102.49145175853705
3015805,101.8589012371068
3015806,79.02170500116549
3015807,2061.386255802399
3015808,110.63187798928838
3015809,280.6063457634704
3015810,115.89158476752205
3015811,644.1047000604217
3015812,404.13413180874085
3015813,216.763378143316
3015814,187.34427386686212
3015815,181.55554919486113
3015816,2658.3227863051075
3015817,122.95852088120262
3015818,70.15689688936973
3015819,120.2621295614911
3015820,137.42668963689755
3015821,96.08809857043174
3015822,210.14974562884137
3015823,85.55839781830917
3015824,100.93942717069599
3015825,95.95391973365263
3015826,163.09433595837302
3015827,91.60854204409588
3015828,278.5036826651113
3015829,217.44157753444605
3015830,92.44135348144331
3015831,128.26818457638777
3015832,201.75362802357407
3015833,140.42260216980273
3015834,837.9309246287431
3015835,58.04349008585863
3015836,103.00296030172764
3015837,102.49749342520371
3015838,101.8589012371068
3015839,79.06637166783214
3015840,2047.1412558023987
3015841,110.63187798928838
3015842,280.6063457634704
3015843,115.88086629244876
3015844,646.2766540834102
3015845,396.1283525879616
3015846,216.763378143316
3015847,187.34427386686212
3015848,181.55554919486113
3015849,2664.5891879717738
3015850,122.87899707167882
3015851,70.06439688936973
3015852,126.64702273478166
3015853,134.61239793636693
3015854,96.07809857043173
3015855,214.51458629131213
3015856,85.57950892942029
3015857,100.94492717069599
3015858,95.90979274952562
3015859,164.95308459446807
3015860,91.6068753774292
3015861,278.5036826651113
3015862,217.44157753444605
3015863,92.44135348144331
3015864,128.26818457638777
3015865,202.05525498956789
3015866,140.42260216980273
3015867,837.9377246287434
3015868,58.18474008585863
3015869,103.05796030172763
3015870,158.76759599821685
3015871,114.48623024069624
3015872,130.90914778947243
3015873,4122.872517645712
3015874,206.901544102103
3015875,461.9122987001532
3015876,204.8545544940288
3015877,919.6744606487398
3015878,886.7718541402742
3015879,379.14623790350635
3015880,297.78162324728044
3015881,310.94880503445626
3015882,4421.96912965499
3015883,227.70173787233304
3015884,99.95572278913191
3015885,223.9435247429649
3015886,231.53517080465426
3015887,164.10772075162225
3015888,369.4214042110818
3015889,136.92715745901694
3015890,198.28514365689512
3015891,172.02519498061818
3015892,289.5342428107854
3015893,120.04533486583716
3015894,359.8601377030182
3015895,390.9146752257651
3015896,152.9101058954656
3015897,188.1248737281693
3015898,420.8946347616436
3015899,263.143421348386
3015900,2315.216529253394
3015901,135.55892014184806
3015902,217.22595377715857
3015903,80.47528043588838
3015904,56.7765645957956
3015905,45.35528388529279
3015906,1254.1155387424851
3015907,76.24752555760932
3015908,177.46178799577385
3015909,85.16975022112074
3015910,507.70064787642826
3015911,242.7901371589909
3015912,163.84014637083368
3015913,141.4113286634783
3015914,131.89862941321434
3015915,1743.6279476661168
3015916,95.17154630473878
3015917,50.784000381922276
3015918,93.31267041503685
3015919,96.2904066130256
3015920,69.37444199276047
3015921,156.26252377670363
3015922,71.01330569858236
3015923,70.12705025854845
3015924,79.20528115116443
3015925,117.41856762342593
3015926,72.14136781740882
3015927,220.20948020440562
3015928,167.9145961928147
3015929,68.18763014897678
3015930,84.5952233364787
3015931,141.83817869927955
3015932,94.74239559020705
3015933,441.90883215056766
3015934,41.11625252760918
3015935,78.38966382565158
3015936,110.96654008320905
3015937,100.46252310066822
3015938,77.37693140681088
3015939,1869.811025190909
3015940,113.18043001407824
3015941,285.029005519404
3015942,119.26887960935615
3015943,833.2410734713535
3015944,384.7167790228956
3015945,221.40864837007078
3015946,190.63020175044346
3015947,184.19845167710346
3015948,3013.7426865662874
3015949,122.20661082029483
3015950,76.1923276070594
3015951,127.30868086988885
3015952,143.3749234287995
3015953,98.7997044515028
3015954,221.63449703482664
3015955,87.54990472068846
3015956,106.65737081555162
3015957,99.15615807065855
3015958,158.24502558109805
3015959,89.00548057285533
3015960,306.60285639545305
3015961,223.26314886358978
3015962,94.38579400773227
3015963,128.4088559043539
3015964,201.6622325873606
3015965,145.80618208297713
3015966,880.1318256053461
3015967,64.68714902042154
3015968,112.17741529430111
3015969,80.49331073891868
3015970,56.7765645957956
3015971,45.3304532992122
3015972,1216.8283145845294
3015973,76.24752555760932
3015974,178.10889178926953
3015975,85.11175022112074
3015976,508.27835620976157
3015977,236.9071340426091
3015978,160.4087271735735
3015979,141.4113286634783
3015980,131.89862941321434
3015981,1834.20854542795
3015982,95.16154630473879
3015983,50.82233371525562
3015984,90.37707347069467
3015985,96.25040661302559
3015986,69.37633088164935
3015987,155.19014872591126
3015988,70.97847811237546
3015989,70.12705025854845
3015990,79.13524988613317
3015991,117.41856762342593
3015992,72.1322769083179
3015993,219.3569481219889
3015994,169.33361841503694
3015995,68.17324126008789
3015996,84.58300111425648
3015997,141.83817869927955
3015998,94.73239559020705
3015999,436.1778445345071
3016000,41.11625252760918
3016001,78.37066382565158
3016002,87.96777355333992
3016003,63.8729722043954
3016004,49.20879232383405
3016005,1513.8073075667228
3016006,88.75201087724444
3016007,202.0346236043281
3016008,96.25750734043011
3016009,649.4223347914117
3016010,281.457032508058
3016011,192.1855647457942
3016012,158.116377153903
3016013,141.82336046062247
3016014,2203.433634992732
3016015,102.21762220372409
3016016,61.34627166151547
3016017,108.43930294846912
3016018,112.01681059950974
3016019,81.30801454056535
3016020,173.53317546263457
3016021,79.59011331872341
3016022,80.17870974979874
3016023,92.23219580169109
3016024,134.01162494490424
3016025,78.0747981019597
3016026,223.37402020069413
3016027,209.05554617669293
3016028,72.49899692997384
3016029,94.0039276161602
3016030,160.3247766101976
3016031,110.5537593461474
3016032,658.4227389956485
3016033,44.854839096599264
3016034,98.16538383615396
3016035,103.43857409164748
3016036,105.75840996911106
3016037,83.11157947334425
3016038,1896.8775794839507
3016039,111.81393468689285
3016040,309.26448948571897
3016041,118.95089879595552
3016042,627.6444278103452
3016043,371.80549498947335
3016044,210.09445304984146
3016045,190.35170727234384
3016046,185.81555580848956
3016047,2847.970824206264
3016048,124.47953323558713
3016049,70.20693898572844
3016050,118.02481983049906
3016051,153.4537298568754
3016052,100.78835078938644
3016053,198.82571534462608
3016054,91.30809781752728
3016055,102.09738848983116
3016056,99.08718146353411
3016057,160.00757011930827
3016058,94.35654580789553
3016059,277.3505400157812
3016060,241.07642230586302
3016061,93.69989338500784
3016062,125.54713366344028
3016063,206.61638798183566
3016064,141.57007837027973
3016065,757.3461789908749
3016066,63.535363023402795
3016067,107.80860389544414
3016068,83.51455363160078
3016069,60.204050893458835
3016070,44.218257981345424
3016071,1384.0371445451672
3016072,81.25658132561806
3016073,174.29682245435134
3016074,89.98256237027137
3016075,538.5593833827911
3016076,235.45557299870606
3016077,165.32447438771595
3016078,149.21582921815587
3016079,135.52788017416972
3016080,1726.9431769870084
3016081,93.10751361331883
3016082,54.91961478936687
3016083,96.06760259250625
3016084,101.88152554710423
3016085,75.32972254615197
3016086,160.97457331133535
3016087,75.49338573447021
3016088,76.16399041381337
3016089,76.09150277890028
3016090,132.77647757696872
3016091,71.82583303778763
3016092,213.47306737369476
3016093,178.9984876225868
3016094,70.76916814694079
3016095,87.00411989807051
3016096,146.6313635582732
3016097,102.00582954296696
3016098,456.6959883208908
3016099,38.342123309778614
3016100,89.15072198064114
3016101,105.24070579043543
3016102,108.73711974656953
3016103,78.35240658272286
3016104,2507.5812349427733
3016105,111.85404486446346
3016106,279.4170230705935
3016107,122.29911659995012
3016108,624.2846560586087
3016109,400.20273952721675
3016110,212.91986184457045
3016111,190.7670416034152
3016112,179.52097083801354
3016113,2860.6895288418364
3016114,119.3259293183287
3016115,72.48815447920657
3016116,125.96949551868411
3016117,140.34879739579364
3016118,100.2521192161966
3016119,205.33371146866125
3016120,86.86758553515119
3016121,110.80960519806163
3016122,94.43220834432752
3016123,160.69472988135942
3016124,90.02490828978212
3016125,277.7999459973262
3016126,220.9852331423416
3016127,95.26636792507146
3016128,133.8686263567757
3016129,211.58632322149583
3016130,145.78082796716632
3016131,852.5599820581642
3016132,61.149100773597276
3016133,112.04649320546118
3016134,112.2494393298756
3016135,111.16389587027011
3016136,82.67054057873948
3016137,1891.6126766399552
3016138,118.4919022339161
3016139,312.89200172595105
3016140,122.7708028824009
3016141,621.6307783998307
3016142,457.6235427102982
3016143,228.40107392516026
3016144,196.8005684249815
3016145,194.31629912148415
3016146,2459.912396654009
3016147,138.1190992996011
3016148,81.06248108306241
3016149,136.28146704452823
3016150,153.58793211474284
3016151,108.98156458980931
3016152,219.72785853045082
3016153,102.50682857067437
3016154,111.71617075187011
3016155,108.06213866390917
3016156,173.133528426723
3016157,94.51578661566245
3016158,214.51912625730395
3016159,223.6932728256267
3016160,103.24483854514892
3016161,133.22741804138798
3016162,217.6271037211522
3016163,151.89437680640947
3016164,1548.752838095333
3016165,72.63786239749648
3016166,113.18005770574501
3016167,107.02262437657268
3016168,104.55438479077785
3016169,78.8432297278596
3016170,1829.5299178558294
3016171,115.08365193552697
3016172,293.54183548644386
3016173,123.14837701816603
3016174,620.8513693566526
3016175,415.62362838682515
3016176,225.89527771895237
3016177,192.85870965243973
3016178,191.83765848007172
3016179,2574.1786708846357
3016180,135.65372000424827
3016181,76.671892463818
3016182,135.3234443074801
3016183,150.76609517653034
3016184,107.024018217745
3016185,199.25500628264123
3016186,95.40264498546586
3016187,104.60940204939317
3016188,104.97574395537517
3016189,169.43033001775996
3016190,96.49047450239816
3016191,208.2056642898226
3016192,223.35291098076493
3016193,98.93457005636473
3016194,129.4438632331044
3016195,215.7329706961339
3016196,157.43584525626454
3016197,1311.45098718657
3016198,70.11719574947674
3016199,114.5964152115246
3016200,113.46883019063048
3016201,108.27443092781182
3016202,83.00994244619034
3016203,1976.784011455492
3016204,116.63052181584303
3016205,313.4486089574915
3016206,124.58305864801694
3016207,832.1581540607922
3016208,400.6218589104051
3016209,230.38377284412695
3016210,193.96273494437276
3016211,185.6455029230547
3016212,3119.160553797986
3016213,126.99817495634151
3016214,77.86924264713534
3016215,128.3004295908749
3016216,154.70539191406075
3016217,104.28343845526909
3016218,225.43578009537498
3016219,93.28820643953742
3016220,111.71151501020839
3016221,103.63987093282508
3016222,165.54804259055635
3016223,89.91487789101203
3016224,293.2674325406813
3016225,229.71697332524244
3016226,101.20819477900945
3016227,131.2156657595878
3016228,208.64490671026357
3016229,146.95928091897505
3016230,1090.7753231335516
3016231,73.06390039265881
3016232,117.19073031055494
3016233,158.79280811942897
3016234,112.68182928293155
3016235,125.44926048670595
3016236,3492.3611513534347
3016237,199.9780058415718
3016238,453.4243588973867
3016239,197.42769999418138
3016240,872.1661990090637
3016241,771.4348304910432
3016242,371.8471023640993
3016243,288.46563498674925
3016244,298.4665341961473
3016245,4164.325582720318
3016246,220.21819961180188
3016247,103.4052799771639
3016248,216.7533574501756
3016249,211.71931906446355
3016250,160.53620530373746
3016251,309.3789070787285
3016252,134.81064971914543
3016253,191.34632401108254
3016254,168.61895050019004
3016255,269.4594591387578
3016256,111.13258541385152
3016257,346.17903596639275
3016258,322.8408288669624
3016259,152.83984948520919
3016260,184.60943052664356
3016261,403.5691890123425
3016262,251.53453560176425
3016263,2219.9582671442963
3016264,137.24380558512934
3016265,209.09086178486973
3016266,91.86266876547826
3016267,80.01746765622947
3016268,59.62928031075206
3016269,2072.0886246017417
3016270,102.7593482211415
3016271,225.86829101344662
3016272,108.15307692855184
3016273,832.2791936748564
3016274,337.1257302760734
3016275,208.5228167786654
3016276,170.53594088245598
3016277,158.7666485028807
3016278,2715.2231832868856
3016279,104.70833988714567
3016280,64.83773817814
3016281,121.17337946109899
3016282,122.62964250128267
3016283,86.07651724718703
3016284,217.04789689273457
3016285,83.71222083273999
3016286,91.1719942852386
3016287,84.16308517184326
3016288,144.83650714659674
3016289,90.01129772724516
3016290,204.14931731001977
3016291,255.21404322192066
3016292,75.56560943212222
3016293,106.8631565555568
3016294,182.59757651649747
3016295,131.7892587395407
3016296,649.9438312995479
3016297,53.90832123924316
3016298,108.42427495607217
3016299,104.20918978872164
3016300,104.28573013156685
3016301,75.61879261763028
3016302,1779.1484902236054
3016303,115.93998372239673
3016304,287.4338569067028
3016305,119.01610310068318
3016306,628.3266104126518
3016307,393.2454451394356
3016308,228.56698402303485
3016309,193.94983631024775
3016310,191.56981376483566
3016311,2335.5607169127807
3016312,133.07574161334884
3016313,74.27589488418398
3016314,135.40314496038454
3016315,151.22790056582778
3016316,105.80845465588733
3016317,197.89853143394888
3016318,92.39244230410439
3016319,103.06922975680604
3016320,101.54025412541054
3016321,163.9944807411428
3016322,93.87430005883373
3016323,209.42929463519116
3016324,211.22814312701357
3016325,99.30787298447918
3016326,128.28214929508255
3016327,210.35655503694213
3016328,150.0269075722323
3016329,1163.5297126580058
3016330,66.34847612786614
3016331,112.48088547259364
3016332,111.1886866320213
3016333,106.51273167277961
3016334,81.4466374093381
3016335,1887.2261098247188
3016336,113.83980780386743
3016337,299.5483079643568
3016338,119.4839415537264
3016339,604.2414815888295
3016340,420.8234203488522
3016341,223.78223131101515
3016342,192.14847399493286
3016343,190.6182945055263
3016344,2432.787994439554
3016345,134.72546378080006
3016346,75.57577956930058
3016347,134.81735064185148
3016348,150.97921434567488
3016349,106.83863237327307
3016350,198.26595672540483
3016351,98.17017088402159
3016352,110.73156409391326
3016353,106.46990714958552
3016354,167.70643399667426
3016355,93.84632099790802
3016356,209.86703182725526
3016357,211.61885995393152
3016358,100.88188738921873
3016359,126.68407129827176
3016360,212.06590904678535
3016361,149.83596276414283
3016362,1451.0527463883557
3016363,68.7550747156123
3016364,112.90525388861714
3016365,111.8675023940703
3016366,108.74830926106137
3016367,79.30982110655948
3016368,2448.305693302272
3016369,119.40004982015553
3016370,262.3595283135855
3016371,121.16338272211514
3016372,816.4238697821241
3016373,348.5878140403009
3016374,225.6358617451224
3016375,192.16949421742015
3016376,181.99951526968667
3016377,3128.6974868699012
3016378,118.13961018240306
3016379,73.75877093761032
3016380,132.76417458624763
3016381,145.73799054240473
3016382,104.31720386395865
3016383,219.79171615154246
3016384,86.53073654673324
3016385,109.71178611256177
3016386,97.50790974739976
3016387,170.1166798427204
3016388,87.44319990631588
3016389,280.90831834402246
3016390,247.3683794450406
3016391,95.67608023385561
3016392,137.44099543844047
3016393,219.27829571944093
3016394,146.55832646565668
3016395,768.9222476034017
3016396,57.85264012395671
3016397,111.40651110985029
3016398,236.03607836303271
3016399,230.00724575107404
3016400,192.09422813815672
3016401,5491.773151210824
3016402,294.59095152355013
3016403,719.2091918113827
3016404,325.96324584482664
3016405,1609.8220229037483
3016406,1394.5423224860965
3016407,579.5549910488173
3016408,434.4201993872749
3016409,492.482697350468
3016410,6884.40234017916
3016411,319.7163029270147
3016412,156.72262674761492
3016413,317.05591708312187
3016414,364.2906272144522
3016415,200.1912552862816
3016416,514.2342184875616
3016417,244.82701548863616
3016418,295.1287555093644
3016419,301.14039731221766
3016420,445.7115722342034
3016421,204.20231245932308
3016422,555.6947713963021
3016423,658.7346449136521
3016424,229.33045793745652
3016425,245.27121789990971
3016426,612.9209584298217
3016427,408.1558171278881
3016428,3996.2780479649678
3016429,424.59197154154674
3016430,363.6122891344765
3016431,227.5468056918892
3016432,215.05613897777857
3016433,183.14695858336262
3016434,4735.495780189113
3016435,273.13758628287616
3016436,704.5085822744451
3016437,318.32219930963396
3016438,1555.0980969725333
3016439,1261.1925905825763
3016440,580.9502754021498
3016441,415.98105923946196
3016442,476.9428793194127
3016443,6735.405838400825
3016444,305.4197366440324
3016445,146.37240124361344
3016446,317.7049787105967
3016447,367.87722456428276
3016448,183.04000500121583
3016449,540.1632562090962
3016450,261.62140149337563
3016451,279.9051465989797
3016452,311.68115477579477
3016453,443.52570527506424
3016454,183.17690816533607
3016455,531.5320217904083
3016456,651.1767828094984
3016457,226.6649723111698
3016458,236.14305335198935
3016459,611.1331224517539
3016460,387.19328994286667
3016461,3172.942446730199
3016462,420.529948079487
3016463,360.3592029589799
3016464,226.79723954904588
3016465,213.22884654795365
3016466,176.35205506029564
3016467,4394.350945118747
3016468,268.6463564967589
3016469,695.4846734392819
3016470,320.89367328797766
3016471,1552.0892019912249
3016472,1242.7208234056404
3016473,586.5618314195626
3016474,411.68772535995726
3016475,473.49621210657466
3016476,6547.047527278735
3016477,296.6992462992303
3016478,145.4428640344388
3016479,297.6673004616223
3016480,342.0849779461507
3016481,179.58596893128123
3016482,542.7044784807363
3016483,236.74021495944905
3016484,278.0258718682698
3016485,282.0928297108397
3016486,406.7708828600475
3016487,174.02301071752885
3016488,527.830962030969
3016489,542.5013574806766
3016490,222.03803186781533
3016491,240.59660348382312
3016492,591.5073678212391
3016493,376.74346380608307
3016494,2692.3653134756278
3016495,437.3202914368407
3016496,355.9127765848091
3016497,227.3237033292569
3016498,213.22884654795365
3016499,176.30447172696233
3016500,4415.410945118747
3016501,268.9727805944303
3016502,685.8819214190736
3016503,321.20347040152205
3016504,1525.1324112578911
3016505,1233.1806672390821
3016506,586.5618314195626
3016507,411.99752247350165
3016508,475.4140355331633
3016509,6524.630729659688
3016510,296.8357100794413
3016511,145.75266114798316
3016512,313.956940515557
3016513,350.8927069525522
3016514,178.07652276751818
3016515,540.1741559544722
3016516,331.0499461674977
3016517,288.05171467516436
3016518,318.8546549127918
3016519,447.5197286733277
3016520,174.37530783107323
3016521,528.1407591445135
3016522,604.3969841909718
3016523,222.50783578938396
3016524,231.29691927519764
3016525,599.1032280543016
3016526,376.60209091962747
3016527,2786.8836642418332
3016528,421.56275736276655
3016529,362.14378896734814
3016530,228.15518348830392
3016531,218.0114139527693
3016532,169.81308973541474
3016533,4418.146250677272
3016534,253.67645342926852
3016535,697.468078508683
3016536,328.49451109857443
3016537,1485.3805658482756
3016538,1226.333647232791
3016539,601.2832285091721
3016540,410.5897800016019
3016541,464.8310021979095
3016542,6475.772660953687
3016543,294.6666732704871
3016544,143.40027140922624
3016545,301.77496412528143
3016546,363.60181183611655
3016547,183.8365249343218
3016548,547.9356355703457
3016549,270.2591756333528
3016550,276.9279265099144
3016551,288.0811785460519
3016552,417.7632712632013
3016553,174.24745068821608
3016554,525.0833884601137
3016555,607.8907242929005
3016556,220.75747047801428
3016557,222.8284503531959
3016558,592.5004455709117
3016559,375.08907848772776
3016560,2767.3699666809516
3016561,438.00150900421045
3016562,355.3455198525812
3016563,233.49348943214432
3016564,218.2883747973916
3016565,170.78048554329607
3016566,4741.613040206281
3016567,254.37909919348567
3016568,713.7195194076952
3016569,324.4720588991184
3016570,1502.689499392664
3016571,1308.19546565926
3016572,593.6543179089067
3016573,411.7123898137759
3016574,468.1743035577026
3016575,6330.092996469433
3016576,297.6032829247789
3016577,145.00664710550564
3016578,330.3926649060041
3016579,364.1675560859434
3016580,179.78447099666275
3016581,578.8440472837904
3016582,319.51429249611476
3016583,278.2267224960489
3016584,290.64822101859204
3016585,423.35248821374006
3016586,179.5613557856096
3016587,526.589788605621
3016588,546.4037298778469
3016589,220.8327859178939
3016590,223.21310473903176
3016591,589.9595492237145
3016592,382.3433167053357
3016593,3302.8369798882795
3016594,430.8075561089759
3016595,357.22029471966516
3016596,102.43075703269679
3016597,107.01606559550238
3016598,77.49277909110305
3016599,1712.3645750821563
3016600,109.703573669836
3016601,278.75571947759255
3016602,121.52171899854048
3016603,617.5981082462904
3016604,354.6156065218007
3016605,221.50075050187326
3016606,189.5474313447963
3016607,188.18907544445625
3016608,2225.9853864297934
3016609,133.20671084431305
3016610,69.52281874882279
3016611,133.71619862075357
3016612,147.99100056383205
3016613,110.13890972792123
3016614,191.8226198657433
3016615,82.74385450495124
3016616,109.65283032456693
3016617,101.94829278410845
3016618,163.19330013023074
3016619,93.46981736893544
3016620,201.4935543937159
3016621,215.357108548729
3016622,93.46304878689692
3016623,122.5962923448551
3016624,205.3847340328697
3016625,147.4339504880995
3016626,1138.4391597232993
3016627,70.75761165021154
3016628,109.45275695033348
3016629,206.30834520866298
3016630,221.94241799608426
3016631,176.953407107444
3016632,2914.169412234273
3016633,242.8443982976795
3016634,655.4070945896009
3016635,246.7996547391477
3016636,1176.411502367029
3016637,868.2946743934549
3016638,462.41500828551693
3016639,308.53420549182397
3016640,336.4595123705139
3016641,4326.548936642169
3016642,258.80472224796233
3016643,151.70530539105187
3016644,207.26224831380566
3016645,282.28239663449335
3016646,102.00130551600387
3016647,373.49730204766905
3016648,157.14051610159132
3016649,158.1289124259438
3016650,221.31133857719735
3016651,316.18656515092465
3016652,183.34432578316446
3016653,371.22017426630936
3016654,630.508482009429
3016655,156.45083592270447
3016656,203.90581689150792
3016657,389.372321429936
3016658,265.11007453366835
3016659,1620.9277765829136
3016660,372.69437273954145
3016661,239.33089560225596
3016662,182.663072891513
3016663,194.2018447060371
3016664,136.06872922199028
3016665,3250.059520045911
3016666,206.76476642954648
3016667,509.3911100860063
3016668,193.3300684545898
3016669,1026.1687715135572
3016670,918.1970985360387
3016671,436.1945266511869
3016672,280.7473872000289
3016673,308.2898185044677
3016674,3642.5997048651725
3016675,192.22047808505587
3016676,106.44984191268972
3016677,210.9058395136586
3016678,240.20199401207722
3016679,128.96861833718057
3016680,322.90742208662084
3016681,164.2777655240764
3016682,172.95667288933433
3016683,193.55184413551564
3016684,301.54351363208485
3016685,128.78720643831045
3016686,320.3711134418442
3016687,361.9443205845814
3016688,150.5272794384748
3016689,182.36305803378883
3016690,411.5676061054536
3016691,228.85695370269175
3016692,2689.4932914983674
3016693,121.12493687528921
3016694,214.66446354031137
3016695,67.4814846012243
3016696,59.42225597209283
3016697,50.67071290733058
3016698,1415.9676813415615
3016699,77.83527937894786
3016700,335.93556930782825
3016701,71.58316823697021
3016702,400.05922785095464
3016703,283.9675335230786
3016704,263.20057706272996
3016705,115.55855384527415
3016706,123.52388753934807
3016707,2051.280989638007
3016708,101.33647277452556
3016709,65.88678392176261
3016710,96.37325758323888
3016711,103.13136536499637
3016712,67.1260764140393
3016713,201.79461697188086
3016714,74.3875145241584
3016715,67.5234953798299
3016716,75.94978319372805
3016717,118.4646063925313
3016718,66.59296972600562
3016719,106.28597414803531
3016720,220.3552850687228
3016721,67.92749148380263
3016722,67.78797772214169
3016723,144.6784166346669
3016724,92.61370008917136
3016725,1059.8665464461935
3016726,42.041255656863115
3016727,59.57836427833769
3016728,103.19773491673409
3016729,101.02406216963536
3016730,75.15839058806425
3016731,1571.643186393668
3016732,108.04694246960595
3016733,300.63628053580345
3016734,116.67959191644228
3016735,644.4332516562628
3016736,313.3893407502959
3016737,234.22840803192292
3016738,175.37065542656083
3016739,182.37851489244687
3016740,1894.2327705247624
3016741,135.49839604775664
3016742,77.88557076519493
3016743,125.92987256672535
3016744,142.24882017504356
3016745,98.62105467395371
3016746,220.44592166604136
3016747,89.62985220086843
3016748,90.83149073109648
3016749,94.30010695899279
3016750,149.20733294444221
3016751,88.82745497956506
3016752,190.1972190543976
3016753,229.29277112056167
3016754,85.82564961731026
3016755,117.92345718168197
3016756,195.08866532726236
3016757,134.46078239993892
3016758,1074.4872226932212
3016759,63.965005756559364
3016760,103.5715257507988
3016761,83.73167225234019
3016762,66.00722218809133
3016763,50.954621364068274
3016764,1598.4839153965088
3016765,89.7488185526094
3016766,188.54627466725182
3016767,96.11436162314678
3016768,725.9097156337625
3016769,209.51926777119786
3016770,181.93123808167678
3016771,150.95445336328072
3016772,139.82949582910092
3016773,2130.546283958508
3016774,103.36336701636135
3016775,64.74288307782118
3016776,105.87785418637559
3016777,105.70861635777925
3016778,73.45425306953577
3016779,174.8043139595197
3016780,83.98975925153452
3016781,71.70703038734032
3016782,81.8089696072082
3016783,128.78534848008584
3016784,76.48858877493669
3016785,174.93960141855
3016786,179.36893189890583
3016787,71.26683216253775
3016788,92.65546115130316
3016789,150.2589484930174
3016790,113.47031466037073
3016791,491.2259230512248
3016792,43.51478901929278
3016793,95.98859195321016
3016794,150.2718403102239
3016795,113.11253428344376
3016796,122.55661477448398
3016797,3331.0598797531293
3016798,188.68522102516184
3016799,438.8283723986431
3016800,195.16228278117745
3016801,850.2105639951521
3016802,759.1299780613197
3016803,362.7714504904614
3016804,277.77628873991665
3016805,290.15135463752057
3016806,4008.4667042186393
3016807,209.29952323946986
3016808,103.4250704570694
3016809,202.43831515008645
3016810,207.90712580243274
3016811,154.6495455750208
3016812,289.0919699613728
3016813,128.93015192524564
3016814,188.3205607832238
3016815,158.12957548374015
3016816,258.85189141057344
3016817,107.94663431891013
3016818,333.52200768125925
3016819,311.69085015358195
3016820,151.6058115263197
3016821,171.90155797500097
3016822,377.2660308446013
3016823,239.75462729450825
3016824,1869.1169932452115
3016825,132.4879475185061
3016826,194.80598363968528
3016827,156.8670459067771
3016828,113.98114330584792
3016829,128.97946228318676
3016830,3845.891684312379
3016831,205.68382533978365
3016832,409.0250944137694
3016833,203.84006593698945
3016834,872.4918142393824
3016835,840.0678998449658
3016836,378.9922524886604
3016837,297.756287154183
3016838,304.341013140869
3016839,4207.224401531108
3016840,225.52212379461878
3016841,98.07896815842224
3016842,223.33623410441294
3016843,221.225072286207
3016844,163.97236804940513
3016845,314.45425983297395
3016846,135.804696907045
3016847,196.42167676532807
3016848,169.57871657457198
3016849,319.7408520621208
3016850,116.65584342217744
3016851,353.04703430258377
3016852,354.8776592089444
3016853,151.13528245630332
3016854,186.25079933299475
3016855,412.174765008376
3016856,261.29523584210034
3016857,2270.600567806649
3016858,135.60642014184808
3016859,214.96914868571886
3016860,156.98885572028328
3016861,113.44994965063955
3016862,129.0017381452557
3016863,3758.097659727159
3016864,205.1526316845753
3016865,399.33275822946797
3016866,203.3088722817811
3016867,882.8984809060489
3016868,821.7493221115196
3016869,378.4610588334521
3016870,297.2250934989746
3016871,304.341013140869
3016872,4198.289068197774
3016873,224.99093013941044
3016874,98.07718244413654
3016875,223.3525404492046
3016876,230.20139239324686
3016877,163.96429112632822
3016878,312.4470887045512
3016879,135.46350325183667
3016880,195.58313191964356
3016881,169.55789056642246
3016882,319.2096584069124
3016883,116.20764976696911
3016884,352.51584064737546
3016885,327.3849879659995
3016886,150.63408880109498
3016887,185.7791622188064
3016888,410.28201763706653
3016889,260.764042186892
3016890,2260.964206594528
3016891,135.07522648663974
3016892,214.04247745721386
3016893,128.99296791097655
3016894,113.10040508859744
3016895,110.81316208584936
3016896,2500.0280227238654
3016897,156.57150352036217
3016898,319.2540183928355
3016899,159.97673615292925
3016900,1028.231234419304
3016901,610.8637339736881
3016902,363.09757303187723
3016903,239.69356646822095
3016904,233.18073354284644
3016905,4178.1363178046195
3016906,171.18827610780386
3016907,107.29176405781116
3016908,179.18010828189108
3016909,176.4061739122313
3016910,122.66031764211121
3016911,314.7461661341589
3016912,104.29565132014413
3016913,160.65929884749534
3016914,136.5657354319498
3016915,212.57669068659962
3016916,93.62446138867857
3016917,378.23902138867993
3016918,325.54616807311334
3016919,112.6330336303253
3016920,146.47230806064218
3016921,283.8642093295274
3016922,205.15474151109728
3016923,974.1187386443075
3016924,176.91014912914991
3016925,160.87319258905526
